data.HRSA.gov – HPSA Find,data.HRSA.gov – HPSA Find,data.HRSA.gov – HPSA Find,data.HRSA.gov – HPSA Find,data.HRSA.gov – HPSA Find,data.HRSA.gov – HPSA Find,data.HRSA.gov – HPSA Find,data.HRSA.gov – HPSA Find,data.HRSA.gov – HPSA Find,data.HRSA.gov – HPSA Find,data.HRSA.gov – HPSA Find,data.HRSA.gov – HPSA Find
,,,,,,,,,,,
Discipline,HPSA ID,HPSA Name,Designation Type,Primary State Name,County Name,HPSA FTE Short,HPSA Score,Status,Rural Status,Designation Date,Update Date
Primary Care,1052522005,LI -Clark County,Low Income Population HPSA,Arkansas,"Clark County, AR",1.32,17,Designated,Rural,12/31/2018,12/31/2018
,Component State Name,Component County Name,Component Name,Component Type,Component GEOID,Component Rural Status,,,,,
,Arkansas,Clark County,Clark,Single County,05019,Rural,,,,,
Primary Care,1059349018,LI-Boone County,Low Income Population HPSA,Arkansas,"Boone County, AR",0.2986,8,Designated,Rural,04/23/2019,04/23/2019
,Component State Name,Component County Name,Component Name,Component Type,Component GEOID,Component Rural Status,,,,,
,Arkansas,Boone County,Boone,Single County,05009,Rural,,,,,
Primary Care,1059082530,FCI-Forrest City,Correctional Facility,Arkansas,"St. Francis County, AR",1.34,12,Designated,Rural,02/05/2019,02/05/2019
,Site Name,Site Address,Site City,Site State,Site ZIP Code,County,Rural Status,,,,
,FCI-Forrest City,1400 Dale Bumpers Dr,Forrest City,AR,72335-2695,St. Francis,Rural,,,,
Primary Care,1053996219,Calhoun County,Geographic HPSA,Arkansas,"Calhoun County, AR",1.44,17,Designated,Rural,12/29/2016,09/06/2019
,Component State Name,Component County Name,Component Name,Component Type,Component GEOID,Component Rural Status,,,,,
,Arkansas,Calhoun County,Calhoun,Single County,05013,Rural,,,,,
Primary Care,1052725133,Ouachita County,High Needs Geographic HPSA,Arkansas,"Ouachita County, AR",0.26,11,Designated,Rural,09/06/2019,09/06/2019
,Component State Name,Component County Name,Component Name,Component Type,Component GEOID,Component Rural Status,,,,,
,Arkansas,Ouachita County,Ouachita,Single County,05103,Rural,,,,,
Primary Care,1058200331,Mississippi County,High Needs Geographic HPSA,Arkansas,"Mississippi County, AR",2.765,15,Designated,Rural,09/06/2019,09/06/2019
,Component State Name,Component County Name,Component Name,Component Type,Component GEOID,Component Rural Status,,,,,
,Arkansas,Mississippi County,Mississippi,Single County,05093,Rural,,,,,
Primary Care,1052193768,Sevier County,High Needs Geographic HPSA,Arkansas,"Sevier County, AR",1.18,8,Designated,Rural,10/02/2019,10/02/2019
,Component State Name,Component County Name,Component Name,Component Type,Component GEOID,Component Rural Status,,,,,
,Arkansas,Sevier County,Sevier,Single County,05133,Rural,,,,,
Primary Care,1059990587,ARCARE,Federally Qualified Health Center,Arkansas,"Woodruff County, AR",0,13,Designated,Rural,07/21/2003,08/18/2019
,Site Name,Site Address,Site City,Site State,Site ZIP Code,County,Rural Status,,,,
,ARcare - 10,400 Highway 64 E,Augusta,AR,72006-5150,Woodruff,Rural,,,,
,ARcare - 135,145 N Curtis Ave,Pea Ridge,AR,72751-3407,Benton,Non-Rural,,,,
,ARcare - 136,3057 Springdale Ave,Springdale,AR,72762-4346,Washington,Non-Rural,,,,
,ARcare - 17,821 E Park St # 70,Carlisle,AR,72024-9024,Lonoke,Rural,,,,
,ARcare - 18,227 Pine Bluff Hwy,England,AR,72046-2234,Lonoke,Non-Rural,,,,
,ARcare - 20,125 Oak St,Cotton Plant,AR,72036-5089,Woodruff,Rural,,,,
,ARcare - 22,2816 Fox Meadow Ln,Jonesboro,AR,72404-9346,Craighead,Non-Rural,,,,
,ARcare - 23,805 Third St,Horseshoe Bend,AR,72512-3736,Izard,Rural,,,,
,ARcare - 25,5787 Highway 64,Parkin,AR,72373-9003,Cross,Rural,,,,
,ARcare - 29,800 Main St,Augusta,AR,72006-2449,Woodruff,Rural,,,,
,ARcare - 30,405 Highway 11 N,Des Arc,AR,72040-3140,Prairie,Rural,,,,
,ARcare - 32,501 Millwood Cir Ste E,Maumelle,AR,72113-6304,Pulaski,Non-Rural,,,,
,ARcare - 35,1175 Vine St,Batesville,AR,72501-3526,Independence,Rural,,,,
,ARcare - 40,705 Highway 63 N,Hazen,AR,72064-8054,Prairie,Rural,,,,
,ARcare - 42,8 N Railroad Ave,Mayflower,AR,72106-9430,Faulkner,Non-Rural,,,,
,ARcare - 45,114 Ray St,Newport,AR,72112-4260,Jackson,Rural,,,,
,ARcare - 46,5830 Highway 5,Cabot,AR,72023-7328,Lonoke,Non-Rural,,,,
,ARcare - 48,4100 Harrison St,Batesville,AR,72501-9419,Independence,Rural,,,,
,ARcare - 50,801 N Edmonds Ave,Mccrory,AR,72101-8279,Woodruff,Rural,,,,
,ARcare - 55,1530 N Church St,Jonesboro,AR,72401-1515,Craighead,Non-Rural,,,,
,ARcare - 60,601 Julia Ave E,Wynne,AR,72396-3506,Cross,Rural,,,,
,ARcare - 613,11520 Sr 27,Hector,AR,72843-8710,Pope,Rural,,,,
,ARcare - 65,1009 Highway 18,Lake City,AR,72437-9622,Craighead,Non-Rural,,,,
,ARcare - 75,406 Rodgers Dr,Searcy,AR,72143-7433,White,Rural,,,,
,ARcare - 80,606 W Wilbur Mills Ave,Kensett,AR,72082-9051,White,Rural,,,,
,ARcare - 85,1511 Highway 25B,Heber Springs,AR,72543-1701,Cleburne,Rural,,,,
,ARcare - 88,11219 Financial Centre Pkwy Ste 200,Little Rock,AR,72211-3873,Pulaski,Non-Rural,,,,
,ARcare - 90,300 Main St,Swifton,AR,72471-8809,Jackson,Rural,,,,
,ARcare - 93,105 N Jackson St,Cabot,AR,72023-3058,Lonoke,Non-Rural,,,,
,ARcare 24,1500 Museum Rd Ste 104,Conway,AR,72032-4761,Faulkner,Non-Rural,,,,
,ARcare Cabot Admin,614 N Grant St,Cabot,AR,72023-2656,Lonoke,Non-Rural,,,,
,ARcare Corporate Office,117 S 2nd St,Augusta,AR,72006-2309,Woodruff,Rural,,,,
,ARcare-100,54 Tate Springs Rd,Melbourne,AR,72556-8633,Izard,Rural,,,,
,ARcare-111,1400 Braden St Ste 1,Jacksonville,AR,72076-3721,Pulaski,Non-Rural,,,,
,ARcare-120,908 N Edmonds Ave,Mccrory,AR,72101-8073,Woodruff,Rural,,,,
,ARcare-121,630 W South St,Benton,AR,72015-4258,Saline,Non-Rural,,,,
,ARcare-124,3150 E Heritage Pkwy,Farmington,AR,72730-5529,Washington,Non-Rural,,,,
,ARcare-131,138 School Rd,Rose Bud,AR,72137-9339,White,Rural,,,,
,ARcare-16,178 Highway 167 N,Bald Knob,AR,72010-4058,White,Rural,,,,
,ARcare-26,2624 Highway 42,Cherry Valley,AR,72324-8674,Cross,Rural,,,,
,ARcare-27 Mobile Unit,623 N 9th St,Augusta,AR,72006-2129,Woodruff,Rural,,,,
,ARcare-31,304 Main St,Pangburn,AR,72121-8959,White,Rural,,,,
,ARcare-41,2450 Batesville Blvd,Batesville,AR,72501-7782,Independence,Rural,,,,
,ARcare-47,1310 N Center St,Lonoke,AR,72086-2011,Lonoke,Rural,,,,
,ARcare-59,416 E Washington Ave,Jonesboro,AR,72401-3108,Craighead,Non-Rural,,,,
,ARcare-64,305 Rodgers Dr,Searcy,AR,72143-7432,White,Rural,,,,
,ARcare-70,615 N Main St,Brinkley,AR,72021-2507,Monroe,Rural,,,,
,ARcare-87,1127 Main St,Vilonia,AR,72173-9525,Faulkner,Non-Rural,,,,
,ARcare-89,502 Richie Rd,Cabot,AR,72023-3309,Lonoke,Non-Rural,,,,
,KentuckyCare - 021,75 E Court St,Bardwell,KY,42023-8483,Carlisle,Rural,,,,
,KentuckyCare - 112,120 N 4th St,Barlow,KY,42024-9579,Ballard,Rural,,,,
,KentuckyCare - 128,312 S 8th St,Murray,KY,42071-2428,Calloway,Rural,,,,
,KentuckyCare - 44,3240 Irvin Cobb Dr,Paducah,KY,42003-0337,McCracken,Rural,,,,
,KentuckyCare - 63,1206 Paris Rd Ste B,Mayfield,KY,42066-4989,Graves,Rural,,,,
,KentuckyCare-43,125 S 20th St,Paducah,KY,42001-7100,McCracken,Rural,,,,
,KentuckyCare-63,211 S 8th St,Mayfield,KY,42066-2203,Graves,Rural,,,,
,MississippiCare - 113,353 Highway 15 N,Pontotoc,MS,38863-1103,Pontotoc,Rural,,,,
,MississippiCare-129,2173 S Lamar Blvd,Oxford,MS,38655-5223,Lafayette,Rural,,,,
Primary Care,105999050B,"St. Francis House NWA, Inc.",Federally Qualified Health Center,Arkansas,"Washington County, AR",0,17,Designated,Non-Rural,10/26/2002,08/18/2019
,Site Name,Site Address,Site City,Site State,Site ZIP Code,County,Rural Status,,,,
,Community Clinic Administration,610 E Emma Ave Ste B,Springdale,AR,72764-4685,Washington,Non-Rural,,,,
,Community Clinic Fayetteville Medical,3162 W Martin Luther King Blvd # 13AND14,Fayetteville,AR,72704-7679,Washington,Non-Rural,,,,
,Community Clinic Rogers Dental,3710 W Southern Hills Blvd,Rogers,AR,72758-8041,Benton,Non-Rural,,,,
,Community Clinic Rogers Medical,1233 W Poplar St,Rogers,AR,72756-4245,Benton,Non-Rural,,,,
,Community Clinic Siloam Springs Medical,500 S Mount Olive St Ste 200,Siloam Springs,AR,72761-3602,Benton,Rural,,,,
,Community Clinic Springdale Dental,610 E Emma Ave Ste A,Springdale,AR,72764-4685,Washington,Non-Rural,,,,
,Community Clinic Springdale Medical,614 E Emma Ave Ste 300,Springdale,AR,72764-4469,Washington,Non-Rural,,,,
,Community Clinic Springdale Medical - Family Practice,610 E Emma Ave Ste C,Springdale,AR,72764-4685,Washington,Non-Rural,,,,
,Elmdale School Based Health Center,420 N West End St,Springdale,AR,72764-3002,Washington,Non-Rural,,,,
,George School Based Health Center,2878 Powell St,Springdale,AR,72764-7333,Washington,Non-Rural,,,,
,Jones School Based Health Center,900 Powell St,Springdale,AR,72764-5645,Washington,Non-Rural,,,,
,Owl Creek School Based Health Center,375 N Rupple Rd,Fayetteville,AR,72704-6110,Washington,Non-Rural,,,,
,Parson Hills Elementary School Based Health Center,2326 Cardinal Dr,Springdale,AR,72764-5735,Washington,Non-Rural,,,,
,Prairie Grove School Based Health Center,801 Viney Grove Rd,Prairie Grove,AR,72753-2623,Washington,Non-Rural,,,,
,Siloam Springs School Based Health Center,1500 N Mount Olive St,Siloam Springs,AR,72761-9509,Benton,Rural,,,,
Primary Care,1059990591,"JEFFERSON COMPREHENSIVE CARE SYSTEM, INC.",Federally Qualified Health Center,Arkansas,"Jefferson County, AR",0,21,Designated,Non-Rural,07/21/2003,08/18/2019
,Site Name,Site Address,Site City,Site State,Site ZIP Code,County,Rural Status,,,,
,ALTHEIMER CLINIC,309 S Edline,Altheimer,AR,72004-8559,Jefferson,Rural,,,,
,COLLEGE STATION CLINIC,4206 Frazier Pike,Little Rock,AR,72206,Pulaski,Non-Rural,,,,
,Homeless Open Hands,3000 Springer Blvd Ste B,Little Rock,AR,72206-3314,Pulaski,Non-Rural,,,,
,"JEFFERSON COMPREHENSIVE CARE SYSTEM, Inc.",1101 S Tennessee St,Pine Bluff,AR,71601-5801,Jefferson,Non-Rural,,,,
,Little Rock CHC,1100 N University Ave Ste 125,Little Rock,AR,72207-6356,Pulaski,Non-Rural,,,,
,North Little Rock Community Health Center,2525 Willow St Ste 1,North Little Rock,AR,72114-2213,Pulaski,Non-Rural,,,,
,Redfield Clinic 1,823 River Rd,Redfield,AR,72132-9667,Jefferson,Non-Rural,,,,
Primary Care,1059990586,"EAST ARKANSAS FAMILY HEALTH CENTER, INC.",Federally Qualified Health Center,Arkansas,"Crittenden County, AR",0,15,Designated,Non-Rural,07/21/2003,08/18/2019
,Site Name,Site Address,Site City,Site State,Site ZIP Code,County,Rural Status,,,,
,ARKANSAS DELTA AIDS CARE,500 E Broadway St,West Memphis,AR,72301-3201,Crittenden,Non-Rural,,,,
,ASU Mid South Community College,2000 W Broadway St Trlr I,West Memphis,AR,72301-3829,Crittenden,Non-Rural,,,,
,Earle Family Health Center,216 Arkansas St,Earle,AR,72331-2217,Crittenden,Non-Rural,,,,
,East Arkansas Family Health Center - Marvell,1008 W Main St,Marvell,AR,72366-9486,Phillips,Rural,,,,
,"East Arkansas Family Health Center, Inc.",900 N 7th St,West Memphis,AR,72301-2001,Crittenden,Non-Rural,,,,
,EAST ARKANSAS FAMILY HEALTH CTR,102 W Broad St,Lepanto,AR,72354-2200,Poinsett,Non-Rural,,,,
,Healthy Partners,605 N 2nd St,Blytheville,AR,72315-2034,Mississippi,Rural,,,,
,Helena Family Health Center,513 Porter St,Helena,AR,72342-3217,Phillips,Rural,,,,
,Marion School District School Based Health Center,1 Patriot Dr,Marion,AR,72364-2408,Crittenden,Non-Rural,,,,
,Marvell-Elaine School Based Health Center,1018 US-49,Marvell,AR,72366,Phillips,Rural,,,,
,Truman Family Health Center,417 W Main St,Trumann,AR,72472-3116,Poinsett,Non-Rural,,,,
Primary Care,1059990583,"CABUN RURAL HEALTH SERVICES, INC.",Federally Qualified Health Center,Arkansas,"Calhoun County, AR",0,14,Designated,Rural,07/21/2003,08/18/2019
,Site Name,Site Address,Site City,Site State,Site ZIP Code,County,Rural Status,,,,
,Amity Community Health Center,210 N Main St,Amity,AR,71921-9733,Clark,Rural,,,,
,BEARDEN HEALTH CENTER,150 N School St,Bearden,AR,71720-9594,Ouachita,Rural,,,,
,"CABUN RURAL HEALTH SERVICES, INC.",402 N Lee St,Hampton,AR,71744-8937,Calhoun,Rural,,,,
,Hope Community Health Center,820 S Main St,Hope,AR,71801-6523,Hempstead,Rural,,,,
,HOPE High School SBHC,200 E 18th St,Hope,AR,71801-8203,Hempstead,Rural,,,,
,LEWISVILLE FAMILY PRACTICE CTR.,1117 Chestnut St,Lewisville,AR,71845-8513,Lafayette,Rural,,,,
,STRONG CLINIC,253 S Concord Rd,Strong,AR,71765,Union,Rural,,,,
Primary Care,1059550791,MCGEHEE FAMILY CLINIC,Rural Health Clinic,Arkansas,"Desha County, AR",0,20,Designated,Rural,08/18/2019,08/18/2019
,Site Name,Site Address,Site City,Site State,Site ZIP Code,County,Rural Status,,,,
,MCGEHEE FAMILY CLINIC,1507 S 1st St,Mc Gehee,AR,71654-2929,Desha,Rural,,,,
Primary Care,10599905B1,"LAKE VILLAGE CLINIC, PA",Rural Health Clinic,Arkansas,"Chicot County, AR",0,21,Designated,Rural,02/25/2009,08/18/2019
,Site Name,Site Address,Site City,Site State,Site ZIP Code,County,Rural Status,,,,
,"LAKE VILLAGE CLINIC, PA",2918 Louis Sessions St,Lake Village,AR,71653-6049,Chicot,Rural,,,,
Primary Care,1059990590,LEE COUNTY COOPERATIVE CLINIC,Federally Qualified Health Center,Arkansas,"Lee County, AR",0,14,Designated,Rural,07/21/2003,08/18/2019
,Site Name,Site Address,Site City,Site State,Site ZIP Code,County,Rural Status,,,,
,HUGHES CLINIC,503 S Broadway St,Hughes,AR,72348-9701,St. Francis,Rural,,,,
,LAKEVIEW AREA CLINIC,14066 AR-44,Helena,AR,72342,Phillips,Rural,,,,
,LEE COUNTY COOPERATIVE CLINIC,530 Atkins Blvd,Marianna,AR,72360-2113,Lee,Rural,,,,
,Madison Area Clinic,509 Jackson St,Madison,AR,72359-7000,St. Francis,Rural,,,,
Primary Care,1059990592,"Boston Mountain Rural Health Center, Inc.",Federally Qualified Health Center,Arkansas,"Searcy County, AR",0,13,Designated,Rural,08/28/2003,08/18/2019
,Site Name,Site Address,Site City,Site State,Site ZIP Code,County,Rural Status,,,,
,BMRHC - CLINTON CLINIC,465 Medical Center Pkwy,Clinton,AR,72031-7946,Van Buren,Rural,,,,
,BOSTON MOUNTAIN RURAL HEALTH CENTER,2263 Highway 65 N,Marshall,AR,72650,Searcy,Rural,,,,
,Boston Mountain Rural Health Center - Administration,305 S Glade St,Marshall,AR,72650-9477,Searcy,Rural,,,,
,Boston Mountain Rural Health Center - Jasper,609 W Clark St,Jasper,AR,72641,Newton,Rural,,,,
,"Boston Mountain Rural Health Center, Harrison",1002 N Spring St,Harrison,AR,72601-2918,Boone,Rural,,,,
,"Boston Mountain Rural Health Center, Inc Mobile Dental Unit",1103 W Main St,Green Forest,AR,72638-2311,Carroll,Rural,,,,
,"Boston Mountain Rural Health Center, Inc.",934 N Gaskill St,Huntsville,AR,72740-8903,Madison,Non-Rural,,,,
,"Boston Mountain Rural Health Center, Inc.",1103 W Main St,Green Forest,AR,72638-2311,Carroll,Rural,,,,
,"Boston Mountain Rural Health Center, Inc.",358 Valley St,Yellville,AR,72687-9087,Marion,Rural,,,,
,"Boston Mountain Rural Health Center, Inc.",326 Southside Rd,Bee Branch,AR,72013-9137,Van Buren,Rural,,,,
,"Boston Mountain Rural Health Center, Yellville School Based",1201 N Panther Ave # 3,Yellville,AR,72687-9321,Marion,Rural,,,,
,Boston Mountain Rural Health Center-Center Ridge,1094 Catholic Point Rd,Center Ridge,AR,72027-8403,Conway,Rural,,,,
,Boston Mountain Rural Health Center-Mt View,322 Dogwood Hollow Rd,Mountain View,AR,72560-8626,Stone,Rural,,,,
,BOSTON MOUNTAIN RURAL HEALTH CTR,932 N Gaskill St,Huntsville,AR,72740-8903,Madison,Non-Rural,,,,
,BOSTON MOUNTAIN RURAL HLTH CTR,HC 31 BOX 310,Deer,AR,72628-9616,Newton,Rural,,,,
Primary Care,1059990585,"1st Choice Healthcare, Inc.",Federally Qualified Health Center,Arkansas,"Clay County, AR",0,8,Designated,Rural,07/21/2003,08/18/2019
,Site Name,Site Address,Site City,Site State,Site ZIP Code,County,Rural Status,,,,
,1st Choice Healthcare Ash Flat,308 Highway 62 W,Ash Flat,AR,72513-9415,Sharp,Rural,,,,
,1st Choice Healthcare Corning,1300 Creason Rd,Corning,AR,72422-1716,Clay,Rural,,,,
,1st Choice Healthcare Paragould,1 Medical Dr,Paragould,AR,72450-4017,Greene,Rural,,,,
,1st Choice Healthcare Pocahontas,141 Betty Dr,Pocahontas,AR,72455-3602,Randolph,Rural,,,,
,1st Choice Healthcare Salem,US-62 & W 412,Salem,AR,72576,Fulton,Rural,,,,
,1st Choice Healthcare Walnut Ridge,201 Colonial Dr,Walnut Ridge,AR,72476-1410,Lawrence,Rural,,,,
,"1st Choice Healthcare, Inc. Corporate Office",1001 N Missouri Ave,Corning,AR,72422-7011,Clay,Rural,,,,
Primary Care,1059990588,HEALTHY CONNECTIONS INC,Federally Qualified Health Center,Arkansas,"Polk County, AR",0,11,Designated,Rural,10/26/2002,08/18/2019
,Site Name,Site Address,Site City,Site State,Site ZIP Code,County,Rural Status,,,,
,HCI-Arkadelphia Clinic,301 Professional Park Dr Ste B,Arkadelphia,AR,71923-5317,Clark,Rural,,,,
,"Healthy Connections, Inc.",136 Health Park Dr,Mena,AR,71953-9072,Polk,Rural,,,,
,"Healthy Connections, Inc. College of the Ouachitas Clinic",1 College Cir,Malvern,AR,72104-3520,Hot Spring,Rural,,,,
,"Healthy Connections, Inc. Hot Springs Central Clinic",3604 Central Ave Ste D,Hot Springs National Park,AR,71913-6458,Garland,Non-Rural,,,,
,"Healthy Connections, Inc. Hot Springs Clinic",1723 Malvern Ave,Hot Springs,AR,71901-7133,Garland,Non-Rural,,,,
,"Healthy Connections, Inc. Mena Street Clinic",1201 Mena St,Mena,AR,71953-4280,Polk,Rural,,,,
,"Healthy Connections, Inc.-Franklin",1701 S Harrison St,Little Rock,AR,72204-2752,Pulaski,Non-Rural,,,,
,Healthy Connections-DeQueen Clinic,1206 W Collin Raye Dr,De Queen,AR,71832-2030,Sevier,Rural,,,,
,Healthy Connections-Little Rock Midtown,1100 N University Ave Ste 260,Little Rock,AR,72207-6367,Pulaski,Non-Rural,,,,
,Healthy Connections-Malvern,900 Martin Luther King Blvd Ste 200,Malvern,AR,72104-2217,Hot Spring,Rural,,,,
,Malvern School Based Health Center,1517 S Main St,Malvern,AR,72104-5231,Hot Spring,Rural,,,,
,Montgomery County Community Clinic,534 Luzerne St,Mount Ida,AR,71957-9449,Montgomery,Rural,,,,
,Mount Ida School Based Health Center-Elementary Campus,430 Ballpark Rd,Mount Ida,AR,71957-8013,Montgomery,Rural,,,,
,Mount Ida School Based Health Center-High School Campus,338 Whittington St,Mount Ida,AR,71957-9445,Montgomery,Rural,,,,
,Ouachita River Health Center: Acorn Campus,139 School Ln,Mena,AR,71953-8432,Polk,Rural,,,,
Primary Care,14899948H6,"SPECIAL HEALTH RESOURCES FOR TEXAS, INCORPORATED",Federally Qualified Health Center,Texas,"Gregg County, TX",0,14,Designated,Non-Rural,06/21/2007,08/18/2019
,Site Name,Site Address,Site City,Site State,Site ZIP Code,County,Rural Status,,,,
,All for Kids Clinic,300 E 6th St,Texarkana,AR,71854-5207,Miller,Non-Rural,,,,
,Integrated Care Clinic,1300 N 6th St,Longview,TX,75601-5567,Gregg,Non-Rural,,,,
,Integrated Pediatric Care Clinic,1911 Galleria Oaks Dr,Texarkana,TX,75503-4617,Bowie,Non-Rural,,,,
,INTUNE Mobile Clinic,410 N 4th St,Longview,TX,75601-6511,Gregg,Non-Rural,,,,
,Jim Meyers Comprehensive Health Center,410 N 4th St,Longview,TX,75601-6511,Gregg,Non-Rural,,,,
,Med Plaza,703 E Marshall Ave,Longview,TX,75601-5500,Gregg,Non-Rural,,,,
,Paris Clinic,3150 Clarksville St,Paris,TX,75460-8076,Lamar,Rural,,,,
,Texarkana Clinic,1102 Main St,Texarkana,TX,75501-4313,Bowie,Non-Rural,,,,
,True North Health Center,1011 College Ave,Jacksonville,TX,75766-3307,Cherokee,Rural,,,,
,Tyler Care Clinic,4519 Troup Hwy,Tyler,TX,75703-2350,Smith,Non-Rural,,,,
,Tyler Clinic,1300 Clinic Dr,Tyler,TX,75701-2119,Smith,Non-Rural,,,,
,Woman and Child Health Center,402 N 7th St,Longview,TX,75601-6704,Gregg,Non-Rural,,,,
Primary Care,1051512568,CHICOT MEMORIAL MEDICAL CTR FAMILY MEDICAL CLINIC,Rural Health Clinic,Arkansas,"Chicot County, AR",0,21,Designated,Rural,08/18/2019,08/18/2019
,Site Name,Site Address,Site City,Site State,Site ZIP Code,County,Rural Status,,,,
,CHICOT MEMORIAL MEDICAL CTR FAMILY MEDICAL CLINIC,2729 S Highway 65 82,Lake Village,AR,71653-6136,Chicot,Rural,,,,
Primary Care,1058149800,FAMILY CARE CLINIC OF RECTOR,Rural Health Clinic,Arkansas,"Clay County, AR",0,15,Designated,Rural,08/18/2019,08/18/2019
,Site Name,Site Address,Site City,Site State,Site ZIP Code,County,Rural Status,,,,
,FAMILY CARE CLINIC OF RECTOR,715 E 9th St,Rector,AR,72461-2705,Clay,Rural,,,,
Primary Care,1059990584,MAINLINE HEALTH SYSTEMS INC,Federally Qualified Health Center,Arkansas,"Ashley County, AR",0,15,Designated,Rural,07/21/2003,08/18/2019
,Site Name,Site Address,Site City,Site State,Site ZIP Code,County,Rural Status,,,,
,Dermott Medical and Dental Clinic,300 S School St,Dermott,AR,71638-2127,Chicot,Rural,,,,
,Dermott School Clinic,525 E Speedway St,Dermott,AR,71638-2322,Chicot,Rural,,,,
,Drew Central School District,250 University Dr,Monticello,AR,71655-8891,Drew,Rural,,,,
,EUDORA CLINIC,579 E Beouff St,Eudora,AR,71640-3090,Chicot,Rural,,,,
,Eudora Elementary Clinic,566 S Mabry St,Eudora,AR,71640-2941,Chicot,Rural,,,,
,Hamburg High School School Based Clinic,1119 S Main St,Hamburg,AR,71646-8983,Ashley,Rural,,,,
,Hamburg Middle School-SBHC,Cub Dr,Hamburg,AR,71646,Ashley,Rural,,,,
,Jimmy Brown Elementary - SCSD,310 Ashley St,Star City,AR,71667-4814,Lincoln,Rural,,,,
,Lakeside School,360 W Highway 82,Lake Village,AR,71653-7501,Chicot,Rural,,,,
,"MAINLINE HEALTH SYSTEM, INC.",233 N Main St,Portland,AR,71663-9230,Ashley,Rural,,,,
,"Mainline Health Systems, Inc. Administration Office",134 S Strickland St,Dermott,AR,71638-4092,Chicot,Rural,,,,
,"Mainline Health Systems, Inc.-Warren 2",1012 E Church St Ste B,Warren,AR,71671-3530,Bradley,Rural,,,,
,Mainline Rison,505 Sycamore St,Rison,AR,71665,Cleveland,Non-Rural,,,,
,Monticello Community Health Center,535 Jordan Dr,Monticello,AR,71655-5714,Drew,Rural,,,,
,Noble/Allbritton Elementary School Based Clinic,206 N Barlett St,Hamburg,AR,71646-3342,Ashley,Rural,,,,
,Portland Elementary School Based Clinic,314 Highway 160 E,Portland,AR,71663-9262,Ashley,Rural,,,,
,Star City Community Health Center,110 N Drew St,Star City,AR,71667-5704,Lincoln,Rural,,,,
,Star City High School Clinic,206 Cleveland St,Star City,AR,71667-5218,Lincoln,Rural,,,,
,WILMOT CLINIC,203 Mccombs St,Wilmot,AR,71676-8800,Ashley,Rural,,,,
Primary Care,105999050A,RIVER VALLEY PRIMARY CARE SERVICES,Federally Qualified Health Center,Arkansas,"Logan County, AR",0,13,Designated,Rural,10/26/2002,08/18/2019
,Site Name,Site Address,Site City,Site State,Site ZIP Code,County,Rural Status,,,,
,Bonanza Wellness Center,920 S Highway 45,Bonanza,AR,72916-3420,Sebastian,Non-Rural,,,,
,Clarksville Community Health Center,708 W Main St,Clarksville,AR,72830-3411,Johnson,Rural,,,,
,Eastside Family Clinic,4003 Massard Rd,Fort Smith,AR,72903-6221,Sebastian,Non-Rural,,,,
,Lamar School District Health Center,635 Childers Ave,Lamar,AR,72846-8161,Johnson,Rural,,,,
,Lavaca Wellness Center,603 S Division St,Lavaca,AR,72941-4129,Sebastian,Non-Rural,,,,
,Mountainburg Family Clinic,4 Highway 71 NE,Mountainburg,AR,72946,Crawford,Non-Rural,,,,
,Mulberry Family Clinic,421 N Main St,Mulberry,AR,72947-8574,Crawford,Non-Rural,,,,
,Northside Clinic at 6th Street,3202 N 6th St,Fort Smith,AR,72904-4164,Sebastian,Non-Rural,,,,
,RIVER VALLEY PRIMARY CARE SERVICES INC.,9755 W State Highway 22,Ratcliff,AR,72951-9000,Logan,Rural,,,,
,RVPCS - Northside Clinic,4900 Kelley Hwy,Fort Smith,AR,72904-5000,Sebastian,Non-Rural,,,,
,RVPCS Education and Training,437 N Main St,Mulberry,AR,72947-8574,Crawford,Non-Rural,,,,
,Waldron Family Clinic,2074 Rice St,Waldron,AR,72958-7435,Scott,Rural,,,,
Primary Care,14899948E6,East Texas Border Health Clinic,Federally Qualified Health Center,Texas,"Harrison County, TX",0,19,Designated,Rural,09/30/2007,08/18/2019
,Site Name,Site Address,Site City,Site State,Site ZIP Code,County,Rural Status,,,,
,East Texas Border Health Clinic dba Genesis PrimeCare Texarkana,1400 College Dr Ste 204,Texarkana,TX,75503-3575,Bowie,Non-Rural,,,,
,East Texas Border Health Clinic dba Genesis PrimeCare Texarkana,1400 College Dr,Texarkana,TX,75503-3536,Bowie,Non-Rural,,,,
,East Texas Border Health Clinic dba Genesis PrimeCare Texarkana Administration,1406 College Dr,Texarkana,TX,75503-3538,Bowie,Non-Rural,,,,
,East Texas Border Health Clinic dba Genesis PrimeCare-Adm.,1500 W Grand Ave,Marshall,TX,75670-3005,Harrison,Rural,,,,
,East Texas Border Health Clinic dba Genesis PrimeCare-Arkansas,1205 E 35th St,Texarkana,AR,71854-2746,Miller,Non-Rural,,,,
,East Texas Border Health Clinic dba Genesis PrimeCare-East Texs Pediatrics,618 S Grove St # 100-300,Marshall,TX,75670-5294,Harrison,Rural,,,,
,East Texas Border Health Clinic dba Genesis PrimeCare-Marshall Pediatric,707 S Grove St,Marshall,TX,75670-5220,Harrison,Rural,,,,
,East Texas Border Health Clinic-Genesis PrimeCare Marshall,805 Lindsey Dr,Marshall,TX,75670-5271,Harrison,Rural,,,,
,ETBHC Genesis PrimeCare -Texarkana AR #2,4077 Jefferson Ave,Texarkana,AR,71854-1509,Miller,Non-Rural,,,,
,Genesis PrimeCare Marshall Family #2,622 S Grove St,Marshall,TX,75670-5251,Harrison,Rural,,,,
,Genesis Primecare Texarkana OB/GYN,2602 Saint Michael Dr Ste 202,Texarkana,TX,75503-5221,Bowie,Non-Rural,,,,
,Genesis PrimeCare-Atlanta,1011 S William St,Atlanta,TX,75551-3245,Cass,Rural,,,,
,Genesis Primecare-First Pediatrics,620 S Grove St Ste 105,Marshall,TX,75670-5295,Harrison,Rural,,,,
,Genesis Primecare-Marshall OB/GYN,815 S Washington Ave Ste 203,Marshall,TX,75670-5341,Harrison,Rural,,,,
,Texarkana OB/GYN,2604 Saint Michael Dr Ste 410,Texarkana,TX,75503-2378,Bowie,Non-Rural,,,,
Primary Care,1059990589,Mid-Delta Health Systems Inc,Federally Qualified Health Center,Arkansas,"Monroe County, AR",0,13,Designated,Rural,07/21/2003,08/18/2019
,Site Name,Site Address,Site City,Site State,Site ZIP Code,County,Rural Status,,,,
,Mid Delta Health Center,245 Madison St,Clarendon,AR,72029-2706,Monroe,Rural,,,,
Primary Care,1053069355,LI Crittenden County,Low Income Population HPSA,Arkansas,"Crittenden County, AR",3.57,17,Designated,Non-Rural,12/23/2019,12/23/2019
,Component State Name,Component County Name,Component Name,Component Type,Component GEOID,Component Rural Status,,,,,
,Arkansas,Crittenden County,Crittenden,Single County,05035,Non-Rural,,,,,
Primary Care,1052568910,Franklin County,Geographic HPSA,Arkansas,"Franklin County, AR",0.39,11,Designated,Rural,01/29/2020,01/29/2020
,Component State Name,Component County Name,Component Name,Component Type,Component GEOID,Component Rural Status,,,,,
,Arkansas,Franklin County,Franklin,Single County,05047,Rural,,,,,
Primary Care,1057781219,LI - Cross County,Low Income Population HPSA,Arkansas,"Cross County, AR",0.266,12,Designated,Rural,03/25/2020,03/25/2020
,Component State Name,Component County Name,Component Name,Component Type,Component GEOID,Component Rural Status,,,,,
,Arkansas,Cross County,Cross,Single County,05037,Rural,,,,,
Primary Care,1059450740,ST ELIZABETH HEALTH CENTER,Rural Health Clinic,Arkansas,"Lincoln County, AR",0,19,Designated,Non-Rural,02/11/2020,02/11/2020
,Site Name,Site Address,Site City,Site State,Site ZIP Code,County,Rural Status,,,,
,ST ELIZABETH HEALTH CENTER,407 S Gould Ave,Gould,AR,71643-5041,Lincoln,Non-Rural,,,,
Primary Care,1051034599,"ACCESS MEDICAL CLINIC ARKANSAS, LLC",Rural Health Clinic,Arkansas,"Cleveland County, AR",0,19,Designated,Non-Rural,02/11/2020,02/11/2020
,Site Name,Site Address,Site City,Site State,Site ZIP Code,County,Rural Status,,,,
,"ACCESS MEDICAL CLINIC ARKANSAS, LLC",217 N Main St,Rison,AR,71665-8856,Cleveland,Non-Rural,,,,
Primary Care,1058319400,Montgomery County,Geographic HPSA,Arkansas,"Montgomery County, AR",1.15,13,Designated,Rural,09/12/1979,04/07/2020
,Component State Name,Component County Name,Component Name,Component Type,Component GEOID,Component Rural Status,,,,,
,Arkansas,Montgomery County,Montgomery,Single County,05097,Rural,,,,,
Primary Care,1055446716,LI - Van Buren County,Low Income Population HPSA,Arkansas,"Van Buren County, AR",1.67,15,Designated,Rural,05/16/2012,06/11/2020
,Component State Name,Component County Name,Component Name,Component Type,Component GEOID,Component Rural Status,,,,,
,Arkansas,Van Buren County,Van Buren,Single County,05141,Rural,,,,,
Primary Care,1054606290,LI-Grant County,Low Income Population HPSA,Arkansas,"Grant County, AR",0.82,12,Designated,Partially Rural,04/21/2016,06/11/2020
,Component State Name,Component County Name,Component Name,Component Type,Component GEOID,Component Rural Status,,,,,
,Arkansas,Grant County,Grant,Single County,05053,Partially Rural,,,,,
Primary Care,1056793335,LI - Searcy County,Low Income Population HPSA,Arkansas,"Searcy County, AR",0.59,15,Designated,Rural,11/16/2015,06/11/2020
,Component State Name,Component County Name,Component Name,Component Type,Component GEOID,Component Rural Status,,,,,
,Arkansas,Searcy County,Searcy,Single County,05129,Rural,,,,,
Primary Care,1051882064,Low Income - Hot Spring County,Low Income Population HPSA,Arkansas,"Hot Spring County, AR",2.51,16,Designated,Rural,05/07/2010,06/11/2020
,Component State Name,Component County Name,Component Name,Component Type,Component GEOID,Component Rural Status,,,,,
,Arkansas,Hot Spring County,Hot Spring,Single County,05059,Rural,,,,,
Primary Care,1054702471,Cleveland County,Geographic HPSA,Arkansas,"Cleveland County, AR",1.38,16,Designated,Non-Rural,12/04/2015,06/11/2020
,Component State Name,Component County Name,Component Name,Component Type,Component GEOID,Component Rural Status,,,,,
,Arkansas,Cleveland County,Cleveland,Single County,05025,Non-Rural,,,,,
Primary Care,1057986844,LI - Yell County,Low Income Population HPSA,Arkansas,"Yell County, AR",0.72,11,Designated,Rural,11/16/2015,06/11/2020
,Component State Name,Component County Name,Component Name,Component Type,Component GEOID,Component Rural Status,,,,,
,Arkansas,Yell County,Yell,Single County,05149,Rural,,,,,
Primary Care,1056205239,Low Income Arkansas County,Low Income Population HPSA,Arkansas,"Arkansas County, AR",0.13,11,Designated,Rural,12/16/2016,12/16/2016
,Component State Name,Component County Name,Component Name,Component Type,Component GEOID,Component Rural Status,,,,,
,Arkansas,Arkansas County,Arkansas,Single County,05001,Rural,,,,,
Primary Care,1058746514,LI Monette SA,Low Income Population HPSA,Arkansas,"Craighead County, AR",0.69,12,Designated,Partially Rural,08/03/2017,08/03/2017
,Component State Name,Component County Name,Component Name,Component Type,Component GEOID,Component Rural Status,,,,,
,Arkansas,Craighead County,Black Oak township,County Subdivision,0503190330,Partially Rural,,,,,
,Arkansas,Craighead County,Buffalo township,County Subdivision,0503190534,Rural,,,,,
,Arkansas,Craighead County,Lake City township,County Subdivision,0503192097,Partially Rural,,,,,
,Arkansas,Craighead County,Lester township,County Subdivision,0503192154,Non-Rural,,,,,
,Arkansas,Craighead County,Prairie township,County Subdivision,0503192985,Non-Rural,,,,,
Primary Care,1054136760,Low Income Lee County,Low Income Population HPSA,Arkansas,"Lee County, AR",0.79,18,Designated,Rural,12/05/2016,12/05/2016
,Component State Name,Component County Name,Component Name,Component Type,Component GEOID,Component Rural Status,,,,,
,Arkansas,Lee County,Lee,Single County,05077,Rural,,,,,
Primary Care,1059935024,LI-Fulton County,Low Income Population HPSA,Arkansas,"Fulton County, AR",1.22,16,Designated,Rural,04/17/2017,04/17/2017
,Component State Name,Component County Name,Component Name,Component Type,Component GEOID,Component Rural Status,,,,,
,Arkansas,Fulton County,Fulton,Single County,05049,Rural,,,,,
Primary Care,1057471022,LI-Nevada County,Low Income Population HPSA,Arkansas,"Nevada County, AR",0.54,15,Designated,Rural,05/11/2017,05/11/2017
,Component State Name,Component County Name,Component Name,Component Type,Component GEOID,Component Rural Status,,,,,
,Arkansas,Nevada County,Nevada,Single County,05099,Rural,,,,,
Primary Care,1059948446,LI-Izard County,Low Income Population HPSA,Arkansas,"Izard County, AR",1.5,15,Designated,Rural,05/08/2017,05/08/2017
,Component State Name,Component County Name,Component Name,Component Type,Component GEOID,Component Rural Status,,,,,
,Arkansas,Izard County,Izard,Single County,05065,Rural,,,,,
Primary Care,1054100064,Gassville SA,Low Income Population HPSA,Arkansas,"Baxter County, AR",1.73,11,Designated,Rural,05/15/2017,05/15/2017
,Component State Name,Component County Name,Component Name,Component Type,Component GEOID,Component Rural Status,,,,,
,Arkansas,Baxter County,Big Flat township,County Subdivision,0500590288,Rural,,,,,
,Arkansas,Baxter County,Buckhorn township,County Subdivision,0500590525,Rural,,,,,
,Arkansas,Baxter County,Buford township,County Subdivision,0500590540,Rural,,,,,
,Arkansas,Baxter County,Greenwood township,County Subdivision,0500591524,Rural,,,,,
,Arkansas,Baxter County,Lone Rock township,County Subdivision,0500592265,Rural,,,,,
,Arkansas,Baxter County,Matney township,County Subdivision,0500592424,Rural,,,,,
,Arkansas,Baxter County,North Fork township,County Subdivision,0500592709,Rural,,,,,
,Arkansas,Baxter County,Union township,County Subdivision,0500593669,Rural,,,,,
,Arkansas,Baxter County,Whiteville township,County Subdivision,0500594035,Rural,,,,,
Primary Care,1055437860,LI-Perry County,Low Income Population HPSA,Arkansas,"Perry County, AR",1.14,18,Designated,Non-Rural,05/03/2017,05/03/2017
,Component State Name,Component County Name,Component Name,Component Type,Component GEOID,Component Rural Status,,,,,
,Arkansas,Perry County,Perry,Single County,05105,Non-Rural,,,,,
Primary Care,1057483258,Desha County,High Needs Geographic HPSA,Arkansas,"Desha County, AR",0.41,15,Designated,Rural,06/05/2017,06/05/2017
,Component State Name,Component County Name,Component Name,Component Type,Component GEOID,Component Rural Status,,,,,
,Arkansas,Desha County,Desha,Single County,05041,Rural,,,,,
Primary Care,1051280216,LI-Marion County,Low Income Population HPSA,Arkansas,"Marion County, AR",1.87,14,Designated,Rural,04/05/2017,04/05/2017
,Component State Name,Component County Name,Component Name,Component Type,Component GEOID,Component Rural Status,,,,,
,Arkansas,Marion County,Marion,Single County,05089,Rural,,,,,
Primary Care,1051753682,LI-Pike County,Low Income Population HPSA,Arkansas,"Pike County, AR",1.02,16,Designated,Rural,05/11/2017,05/11/2017
,Component State Name,Component County Name,Component Name,Component Type,Component GEOID,Component Rural Status,,,,,
,Arkansas,Pike County,Pike,Single County,05109,Rural,,,,,
Primary Care,1055840744,LI-Johnson County,Low Income Population HPSA,Arkansas,"Johnson County, AR",0.8,11,Designated,Rural,08/28/2017,08/28/2017
,Component State Name,Component County Name,Component Name,Component Type,Component GEOID,Component Rural Status,,,,,
,Arkansas,Johnson County,Johnson,Single County,05071,Rural,,,,,
Primary Care,1052455425,LI-Lonoke County,Low Income Population HPSA,Arkansas,"Lonoke County, AR",1.27,10,Designated,Partially Rural,09/15/2017,09/15/2017
,Component State Name,Component County Name,Component Name,Component Type,Component GEOID,Component Rural Status,,,,,
,Arkansas,Lonoke County,Lonoke,Single County,05085,Partially Rural,,,,,
Primary Care,1057194221,LI-Altheimer Service Area,Low Income Population HPSA,Arkansas,"Jefferson County, AR",0.55,16,Designated,Rural,09/15/2017,09/15/2017
,Component State Name,Component County Name,Component Name,Component Type,Component GEOID,Component Rural Status,,,,,
,Arkansas,Jefferson County,1.02,Census Tract,05069000102,Rural,,,,,
,Arkansas,Jefferson County,23,Census Tract,05069002300,Rural,,,,,
Primary Care,1059617195,Redfield SA,Low Income Population HPSA,Arkansas,"Jefferson County, AR",0.79,13,Designated,Non-Rural,09/15/2017,09/15/2017
,Component State Name,Component County Name,Component Name,Component Type,Component GEOID,Component Rural Status,,,,,
,Arkansas,Jefferson County,24,Census Tract,05069002400,Non-Rural,,,,,
,Arkansas,Jefferson County,3.01,Census Tract,05069000301,Non-Rural,,,,,
,Arkansas,Jefferson County,3.02,Census Tract,05069000302,Non-Rural,,,,,
Primary Care,1053062181,Southern Washington County SA,Low Income Population HPSA,Arkansas,"Washington County, AR",8.23,15,Designated,Non-Rural,09/20/2017,09/20/2017
,Component State Name,Component County Name,Component Name,Component Type,Component GEOID,Component Rural Status,,,,,
,Arkansas,Washington County,101.05,Census Tract,05143010105,Non-Rural,,,,,
,Arkansas,Washington County,105.04,Census Tract,05143010504,Non-Rural,,,,,
,Arkansas,Washington County,105.06,Census Tract,05143010506,Non-Rural,,,,,
,Arkansas,Washington County,110.01,Census Tract,05143011001,Non-Rural,,,,,
,Arkansas,Washington County,110.02,Census Tract,05143011002,Non-Rural,,,,,
,Arkansas,Washington County,110.03,Census Tract,05143011003,Non-Rural,,,,,
,Arkansas,Washington County,110.04,Census Tract,05143011004,Non-Rural,,,,,
,Arkansas,Washington County,111.01,Census Tract,05143011101,Non-Rural,,,,,
,Arkansas,Washington County,111.02,Census Tract,05143011102,Non-Rural,,,,,
,Arkansas,Washington County,111.03,Census Tract,05143011103,Non-Rural,,,,,
Primary Care,1056362551,LI-Crawford County,Low Income Population HPSA,Arkansas,"Crawford County, AR",2.74,13,Designated,Non-Rural,09/20/2017,09/20/2017
,Component State Name,Component County Name,Component Name,Component Type,Component GEOID,Component Rural Status,,,,,
,Arkansas,Crawford County,Crawford,Single County,05033,Non-Rural,,,,,
Primary Care,1053393542,CF-McPherson Unit,Correctional Facility,Arkansas,"Jackson County, AR",0.45,3,Designated,Rural,12/01/2017,12/01/2017
,Site Name,Site Address,Site City,Site State,Site ZIP Code,County,Rural Status,,,,
,CF-McPherson Unit,302C MCPHERSON,Newport,AR,72112,Jackson,Rural,,,,
Primary Care,1057111377,Cummins Unit,Correctional Facility,Arkansas,"Lincoln County, AR",0.54,12,Designated,Non-Rural,07/06/2018,07/06/2018
,Site Name,Site Address,Site City,Site State,Site ZIP Code,County,Rural Status,,,,
,Cummins Unit,Cummins Park,Gould,AR,71643,Lincoln,Non-Rural,,,,
Primary Care,1057116252,Varner/Varner Supermax Unit,Correctional Facility,Arkansas,"Lincoln County, AR",1.18,15,Designated,Non-Rural,07/27/2009,07/06/2018
,Site Name,Site Address,Site City,Site State,Site ZIP Code,County,Rural Status,,,,
,Varner/Varner Supermax Unit,320 State Highway 388,Gould,AR,71643-9635,Lincoln,Non-Rural,,,,
Primary Care,1058735854,Ouachita River Correction Facility,Correctional Facility,Arkansas,"Hot Spring County, AR",1.56,3,Designated,Rural,07/06/2018,07/06/2018
,Site Name,Site Address,Site City,Site State,Site ZIP Code,County,Rural Status,,,,
,Ouachita River Correction Facility,100 Walco Ln,Malvern,AR,72104-6793,Hot Spring,Rural,,,,
Primary Care,1058829082,LI-Southwest Little Rock,Low Income Population HPSA,Arkansas,"Pulaski County, AR | Saline County, AR",11.2,17,Designated,Non-Rural,10/27/2017,10/27/2017
,Component State Name,Component County Name,Component Name,Component Type,Component GEOID,Component Rural Status,,,,,
,Arkansas,Saline County,104.05,Census Tract,05125010405,Non-Rural,,,,,
,Arkansas,Saline County,104.06,Census Tract,05125010406,Non-Rural,,,,,
,Arkansas,Saline County,104.07,Census Tract,05125010407,Non-Rural,,,,,
,Arkansas,Saline County,104.08,Census Tract,05125010408,Non-Rural,,,,,
,Arkansas,Saline County,104.09,Census Tract,05125010409,Non-Rural,,,,,
,Arkansas,Pulaski County,11,Census Tract,05119001100,Non-Rural,,,,,
,Arkansas,Pulaski County,12,Census Tract,05119001200,Non-Rural,,,,,
,Arkansas,Pulaski County,13,Census Tract,05119001300,Non-Rural,,,,,
,Arkansas,Pulaski County,18,Census Tract,05119001800,Non-Rural,,,,,
,Arkansas,Pulaski County,19,Census Tract,05119001900,Non-Rural,,,,,
,Arkansas,Pulaski County,20.01,Census Tract,05119002001,Non-Rural,,,,,
,Arkansas,Pulaski County,20.02,Census Tract,05119002002,Non-Rural,,,,,
,Arkansas,Pulaski County,21.02,Census Tract,05119002102,Non-Rural,,,,,
,Arkansas,Pulaski County,24.06,Census Tract,05119002406,Non-Rural,,,,,
,Arkansas,Pulaski County,40.01,Census Tract,05119004001,Non-Rural,,,,,
,Arkansas,Pulaski County,40.04,Census Tract,05119004004,Non-Rural,,,,,
,Arkansas,Pulaski County,40.05,Census Tract,05119004005,Non-Rural,,,,,
,Arkansas,Pulaski County,40.06,Census Tract,05119004006,Non-Rural,,,,,
,Arkansas,Pulaski County,40.07,Census Tract,05119004007,Non-Rural,,,,,
,Arkansas,Pulaski County,41.03,Census Tract,05119004103,Non-Rural,,,,,
,Arkansas,Pulaski County,41.04,Census Tract,05119004104,Non-Rural,,,,,
,Arkansas,Pulaski County,41.05,Census Tract,05119004105,Non-Rural,,,,,
,Arkansas,Pulaski County,41.06,Census Tract,05119004106,Non-Rural,,,,,
,Arkansas,Pulaski County,41.07,Census Tract,05119004107,Non-Rural,,,,,
,Arkansas,Pulaski County,41.08,Census Tract,05119004108,Non-Rural,,,,,
,Arkansas,Pulaski County,47,Census Tract,05119004700,Non-Rural,,,,,
,Arkansas,Pulaski County,5,Census Tract,05119000500,Non-Rural,,,,,
Primary Care,1058918504,LI Ashley County,Low Income Population HPSA,Arkansas,"Ashley County, AR",0.6,14,Designated,Rural,09/20/2017,09/20/2017
,Component State Name,Component County Name,Component Name,Component Type,Component GEOID,Component Rural Status,,,,,
,Arkansas,Ashley County,Ashley,Single County,05003,Rural,,,,,
Primary Care,1057958564,Tucker Unit,Correctional Facility,Arkansas,"Jefferson County, AR",0.33,12,Designated,Rural,07/06/2018,07/06/2018
,Site Name,Site Address,Site City,Site State,Site ZIP Code,County,Rural Status,,,,
,Tucker Unit,2400 State Farm Rd,Tucker,AR,72168-9503,Jefferson,Rural,,,,
Primary Care,1053951680,Wrightsville Unit,Correctional Facility,Arkansas,"Pulaski County, AR",0.26,3,Designated,Non-Rural,07/06/2018,07/06/2018
,Site Name,Site Address,Site City,Site State,Site ZIP Code,County,Rural Status,,,,
,Wrightsville Unit,8400 AR-386,Little Rock,AR,72206,Pulaski,Non-Rural,,,,
Primary Care,1058038916,CF East Arkansas Regional Unit,Correctional Facility,Arkansas,"Lee County, AR",1.61,12,Designated,Rural,07/18/2018,07/18/2018
,Site Name,Site Address,Site City,Site State,Site ZIP Code,County,Rural Status,,,,
,CF East Arkansas Regional Unit,12092 Highway 79 N,Brickeys,AR,72320-9626,Lee,Rural,,,,
Primary Care,1052950993,Mayflower Service Area,Low Income Population HPSA,Arkansas,"Faulkner County, AR",0.48,14,Designated,Non-Rural,12/27/2017,12/27/2017
,Component State Name,Component County Name,Component Name,Component Type,Component GEOID,Component Rural Status,,,,,
,Arkansas,Faulkner County,Benedict township,County Subdivision,0504590225,Non-Rural,,,,,
,Arkansas,Faulkner County,Danley township,County Subdivision,0504591014,Non-Rural,,,,,
,Arkansas,Faulkner County,Pine Mountain township,County Subdivision,0504592892,Non-Rural,,,,,
Primary Care,1051615220,Low Income - Cleburne County,Low Income Population HPSA,Arkansas,"Cleburne County, AR",0.02,9,Designated,Rural,05/17/2001,10/28/2017
,Component State Name,Component County Name,Component Name,Component Type,Component GEOID,Component Rural Status,,,,,
,Arkansas,Cleburne County,Cleburne,Single County,05023,Rural,,,,,
Primary Care,1056799278,Low Income - Stone County,Low Income Population HPSA,Arkansas,"Stone County, AR",0.32,15,Designated,Rural,10/18/2002,10/28/2017
,Component State Name,Component County Name,Component Name,Component Type,Component GEOID,Component Rural Status,,,,,
,Arkansas,Stone County,Stone,Single County,05137,Rural,,,,,
Primary Care,1058962019,Low Income - Pea Ridge Service Area,Low Income Population HPSA,Arkansas,"Benton County, AR",2.48,16,Designated,Non-Rural,09/14/2010,10/28/2017
,Component State Name,Component County Name,Component Name,Component Type,Component GEOID,Component Rural Status,,,,,
,Arkansas,Benton County,201.01,Census Tract,05007020101,Non-Rural,,,,,
,Arkansas,Benton County,201.02,Census Tract,05007020102,Non-Rural,,,,,
,Arkansas,Benton County,202.01,Census Tract,05007020201,Non-Rural,,,,,
,Arkansas,Benton County,214.04,Census Tract,05007021404,Non-Rural,,,,,
,Arkansas,Benton County,214.05,Census Tract,05007021405,Non-Rural,,,,,
Primary Care,1052540316,Newton County,High Needs Geographic HPSA,Arkansas,"Newton County, AR",1.89,18,Designated,Rural,08/13/1979,10/28/2017
,Component State Name,Component County Name,Component Name,Component Type,Component GEOID,Component Rural Status,,,,,
,Arkansas,Newton County,Newton,Single County,05101,Rural,,,,,
Primary Care,1057822230,Low Income - Madison County,Low Income Population HPSA,Arkansas,"Madison County, AR",0.51,11,Designated,Non-Rural,05/16/2012,10/28/2017
,Component State Name,Component County Name,Component Name,Component Type,Component GEOID,Component Rural Status,,,,,
,Arkansas,Madison County,Madison,Single County,05087,Non-Rural,,,,,
Primary Care,1058785764,Scott County,Geographic HPSA,Arkansas,"Scott County, AR",1.55,13,Designated,Rural,09/12/1979,10/28/2017
,Component State Name,Component County Name,Component Name,Component Type,Component GEOID,Component Rural Status,,,,,
,Arkansas,Scott County,Scott,Single County,05127,Rural,,,,,
Primary Care,1053532381,Dierks,Geographic HPSA,Arkansas,"Howard County, AR",0.77,14,Designated,Rural,08/07/1989,10/28/2017
,Component State Name,Component County Name,Component Name,Component Type,Component GEOID,Component Rural Status,,,,,
,Arkansas,Howard County,Blue Ridge township,County Subdivision,0506190369,Rural,,,,,
,Arkansas,Howard County,Burg township,County Subdivision,0506190552,Rural,,,,,
,Arkansas,Howard County,Clay township,County Subdivision,0506190822,Rural,,,,,
,Arkansas,Howard County,Duckett township,County Subdivision,0506191152,Rural,,,,,
,Arkansas,Howard County,Holly Creek township,County Subdivision,0506191749,Rural,,,,,
,Arkansas,Howard County,Madison township,County Subdivision,0506192337,Rural,,,,,
,Arkansas,Howard County,Mountain township,County Subdivision,0506192595,Rural,,,,,
,Arkansas,Howard County,Muddy Fork township,County Subdivision,0506192643,Rural,,,,,
,Arkansas,Howard County,Umpire township,County Subdivision,0506193663,Rural,,,,,
Primary Care,1056177181,Grannis/Wickes,High Needs Geographic HPSA,Arkansas,"Polk County, AR",1.47,16,Designated,Rural,03/19/1981,10/28/2017
,Component State Name,Component County Name,Component Name,Component Type,Component GEOID,Component Rural Status,,,,,
,Arkansas,Polk County,Ozark township,County Subdivision,0511392805,Rural,,,,,
,Arkansas,Polk County,White township,County Subdivision,0511393996,Rural,,,,,
Primary Care,1058379234,Lafayette County,High Needs Geographic HPSA,Arkansas,"Lafayette County, AR",0.45,15,Designated,Rural,07/19/1978,10/28/2017
,Component State Name,Component County Name,Component Name,Component Type,Component GEOID,Component Rural Status,,,,,
,Arkansas,Lafayette County,Lafayette,Single County,05073,Rural,,,,,
Primary Care,1052908215,Lincoln County,Geographic HPSA,Arkansas,"Lincoln County, AR",1.47,15,Designated,Partially Rural,07/19/1978,10/28/2017
,Component State Name,Component County Name,Component Name,Component Type,Component GEOID,Component Rural Status,,,,,
,Arkansas,Lincoln County,Lincoln,Single County,05079,Partially Rural,,,,,
Primary Care,1057675398,Low Income - Logan County,Low Income Population HPSA,Arkansas,"Logan County, AR",0.65,9,Designated,Rural,05/16/2012,10/28/2017
,Component State Name,Component County Name,Component Name,Component Type,Component GEOID,Component Rural Status,,,,,
,Arkansas,Logan County,Logan,Single County,05083,Rural,,,,,
Primary Care,1051557019,Prairie County,Geographic HPSA,Arkansas,"Prairie County, AR",1.98,15,Designated,Rural,08/15/2013,10/28/2017
,Component State Name,Component County Name,Component Name,Component Type,Component GEOID,Component Rural Status,,,,,
,Arkansas,Prairie County,Prairie,Single County,05117,Rural,,,,,
Primary Care,1051745737,LI-Carroll County,Low Income Population HPSA,Arkansas,"Carroll County, AR",1.81,14,Designated,Rural,10/21/2015,10/28/2017
,Component State Name,Component County Name,Component Name,Component Type,Component GEOID,Component Rural Status,,,,,
,Arkansas,Carroll County,Carroll,Single County,05015,Rural,,,,,
Primary Care,1052988405,Low Income - Hardin/Greenbrier Service Area,Low Income Population HPSA,Arkansas,"Faulkner County, AR",1.49,10,Designated,Non-Rural,10/09/1992,10/28/2017
,Component State Name,Component County Name,Component Name,Component Type,Component GEOID,Component Rural Status,,,,,
,Arkansas,Faulkner County,Benton township,County Subdivision,0504590240,Non-Rural,,,,,
,Arkansas,Faulkner County,Bristol township,County Subdivision,0504590483,Non-Rural,,,,,
,Arkansas,Faulkner County,California township,County Subdivision,0504590618,Non-Rural,,,,,
,Arkansas,Faulkner County,Clifton township,County Subdivision,0504590876,Non-Rural,,,,,
,Arkansas,Faulkner County,East Fork township,County Subdivision,0504591199,Non-Rural,,,,,
,Arkansas,Faulkner County,Enola township,County Subdivision,0504591251,Non-Rural,,,,,
,Arkansas,Faulkner County,Hardin township,County Subdivision,0504591599,Non-Rural,,,,,
,Arkansas,Faulkner County,Harve township,County Subdivision,0504591635,Non-Rural,,,,,
,Arkansas,Faulkner County,Matthews township,County Subdivision,0504592427,Non-Rural,,,,,
,Arkansas,Faulkner County,Mount Vernon township,County Subdivision,0504592637,Non-Rural,,,,,
,Arkansas,Faulkner County,Mountain township,County Subdivision,0504592589,Non-Rural,,,,,
,Arkansas,Faulkner County,Newton township,County Subdivision,0504592685,Non-Rural,,,,,
,Arkansas,Faulkner County,Union township,County Subdivision,0504593678,Non-Rural,,,,,
,Arkansas,Faulkner County,Walker township,County Subdivision,0504593825,Non-Rural,,,,,
Primary Care,1052412793,LI-Columbia County,Low Income Population HPSA,Arkansas,"Columbia County, AR",1.14,14,Designated,Rural,04/21/2016,10/28/2017
,Component State Name,Component County Name,Component Name,Component Type,Component GEOID,Component Rural Status,,,,,
,Arkansas,Columbia County,Columbia,Single County,05027,Rural,,,,,
Primary Care,1052683063,LI-Chicot County,Low Income Population HPSA,Arkansas,"Chicot County, AR",1.15,18,Designated,Rural,07/23/2015,10/28/2017
,Component State Name,Component County Name,Component Name,Component Type,Component GEOID,Component Rural Status,,,,,
,Arkansas,Chicot County,Chicot,Single County,05017,Rural,,,,,
Primary Care,1056938750,LI-Poinsett County,Low Income Population HPSA,Arkansas,"Poinsett County, AR",2.05,12,Designated,Partially Rural,09/01/2016,10/28/2017
,Component State Name,Component County Name,Component Name,Component Type,Component GEOID,Component Rural Status,,,,,
,Arkansas,Poinsett County,Poinsett,Single County,05111,Partially Rural,,,,,
Primary Care,1058754500,LI-Vilonia Service Area,Low Income Population HPSA,Arkansas,"Faulkner County, AR",0.8,10,Designated,Non-Rural,09/02/2016,10/28/2017
,Component State Name,Component County Name,Component Name,Component Type,Component GEOID,Component Rural Status,,,,,
,Arkansas,Faulkner County,Cypress township,County Subdivision,0504591002,Non-Rural,,,,,
,Arkansas,Faulkner County,Eagle township,County Subdivision,0504591188,Non-Rural,,,,,
,Arkansas,Faulkner County,Palarm township,County Subdivision,0504592814,Non-Rural,,,,,
,Arkansas,Faulkner County,Wilson township,County Subdivision,0504594083,Non-Rural,,,,,
Primary Care,1051092501,Richland,Geographic HPSA,Arkansas,"Jefferson County, AR",0.34,11,Designated,Non-Rural,08/07/1989,10/28/2017
,Component State Name,Component County Name,Component Name,Component Type,Component GEOID,Component Rural Status,,,,,
,Arkansas,Jefferson County,25,Census Tract,05069002500,Non-Rural,,,,,
Primary Care,1053835784,CF Tucker Maximum,Correctional Facility,Arkansas,"Jefferson County, AR",0.2,3,Designated,Rural,07/23/2018,07/23/2018
,Site Name,Site Address,Site City,Site State,Site ZIP Code,County,Rural Status,,,,
,CF Tucker Maximum,2501 State Farm Rd,Tucker,AR,72168-9567,Jefferson,Rural,,,,
Primary Care,1056099299,CF Grimes Unit,Correctional Facility,Arkansas,"Jackson County, AR",0.99,12,Designated,Rural,07/23/2018,07/23/2018
,Site Name,Site Address,Site City,Site State,Site ZIP Code,County,Rural Status,,,,
,CF Grimes Unit,300 Corrections Dr,Newport,AR,72112-8008,Jackson,Rural,,,,
Primary Care,1057573006,CF Randall Williams Unit,Correctional Facility,Arkansas,"Jefferson County, AR",0.2,3,Designated,Non-Rural,07/23/2018,07/23/2018
,Site Name,Site Address,Site City,Site State,Site ZIP Code,County,Rural Status,,,,
,CF Randall Williams Unit,7206 W 7th Ave,Pine Bluff,AR,71603-1483,Jefferson,Non-Rural,,,,
Primary Care,1054272661,ME-Clay County,Medicaid Eligible Population HPSA,Arkansas,"Clay County, AR",2.1915,17,Designated,Rural,08/25/2017,09/07/2018
,Component State Name,Component County Name,Component Name,Component Type,Component GEOID,Component Rural Status,,,,,
,Arkansas,Clay County,Clay,Single County,05021,Rural,,,,,
Primary Care,1057939033,ME-Woodruff County,Medicaid Eligible Population HPSA,Arkansas,"Woodruff County, AR",0.7828,14,Designated,Rural,08/25/2017,09/07/2018
,Component State Name,Component County Name,Component Name,Component Type,Component GEOID,Component Rural Status,,,,,
,Arkansas,Woodruff County,Woodruff,Single County,05147,Rural,,,,,
Primary Care,1055536247,ME - Union County,Medicaid Eligible Population HPSA,Arkansas,"Union County, AR",0.65,11,Designated,Rural,08/02/2018,08/02/2018
,Component State Name,Component County Name,Component Name,Component Type,Component GEOID,Component Rural Status,,,,,
,Arkansas,Union County,Union,Single County,05139,Rural,,,,,
Primary Care,1058040545,LI-Dallas County,Low Income Population HPSA,Arkansas,"Dallas County, AR",0.92,18,Designated,Rural,08/02/2018,08/02/2018
,Component State Name,Component County Name,Component Name,Component Type,Component GEOID,Component Rural Status,,,,,
,Arkansas,Dallas County,Dallas,Single County,05039,Rural,,,,,